Title,Image,ugccard__wrap__2dpy7_URL,User_URL,User,Mark,Keywords
{PS4} Lipao Megarampe 103{Roma} (Romanaccio_Kill),https://prod.cloud.rockstargames.com/ugc/gta5mission/5988/eFsfZUNqS0-FpMN1wRJQPw/2_0.jpg,https://socialclub.rockstargames.com/job/gtav/eFsfZUNqS0-FpMN1wRJQPw,https://socialclub.rockstargames.com/member/__-xyjlugah-__/jobs?title=gtav&platform=pc,__-XyJluGaH-__,"Skill test Monster Truck incrivel race mano lipao level easy  italian Quality YouTube Channel Romanaccio_Kille enjoy, copied from ps4!","#chris
#kosi
#nabil
#zeal
#geeks
#
lipao
#lasalle
#fiorito
#porkmodz"
{PS4} Lipao MegaRampe102 {Roma} (Romanaccio_Kill),https://prod.cloud.rockstargames.com/ugc/gta5mission/0944/dS9x1gwMn0ODrjUhsBVfEg/2_0.jpg,https://socialclub.rockstargames.com/job/gtav/dS9x1gwMn0ODrjUhsBVfEg,https://socialclub.rockstargames.com/member/__-xyjlugah-__/jobs?title=gtav&platform=pc,__-XyJluGaH-__,"Skill test Rocket Voltic Insane Mega Rampe do Enderman (minecraft) papel e caneta na mao mano lipao level easy italian Quality YouTube Channel Romanaccio_Kille enjoy, copied from p...",
{PS4} Lipao MegaRampe 101{Roma} (Romanaccio_Kill),https://prod.cloud.rockstargames.com/ugc/gta5mission/8302/jVSB4YKPc0yqwT3Tkws9NA/2_0.jpg,https://socialclub.rockstargames.com/job/gtav/jVSB4YKPc0yqwT3Tkws9NA,https://socialclub.rockstargames.com/member/__-xyjlugah-__/jobs?title=gtav&platform=pc,__-XyJluGaH-__,"Skill test shotaro 10000 electric volt mano lipao  ahhhhh mulequeee level easy   italian Quality YouTube Channel   Romanaccio_Kille   enjoy, copied from ps4!","#kosi
#
#nabil
#danirep
#unwin
#zeal
#geeks
#
lipao
#lasalle
#fiorito"
{PS4} Lipao MegaRampe 99 {Roma} (Romanaccio_Kill),https://prod.cloud.rockstargames.com/ugc/gta5mission/1126/mX7Z6mxKQ0aFj9ZP5SwKuA/2_0.jpg,https://socialclub.rockstargames.com/job/gtav/mX7Z6mxKQ0aFj9ZP5SwKuA,https://socialclub.rockstargames.com/member/__-xyjlugah-__/jobs?title=gtav&platform=pc,__-XyJluGaH-__,"Skill test Dune insane mega italian spiral level easy italian Quality YouTube Channel Romanaccio_Kille enjoy Creato con Parodifumi, copied from ps4!",
{PS4} Lipao megarampe 100{Roma} (Romanaccio_Kill),https://prod.cloud.rockstargames.com/ugc/gta5mission/5928/P_PiUQgRrUOA14naKfuFng/2_0.jpg,https://socialclub.rockstargames.com/job/gtav/P_PiUQgRrUOA14naKfuFng,https://socialclub.rockstargames.com/member/__-xyjlugah-__/jobs?title=gtav&platform=pc,__-XyJluGaH-__,"Skill asian Panto crazy level asian mano lipao level medium italian Quality YouTube Channel Romanaccio_Kille enjoy, copied from ps4!",
{PS4} Lipao MegaRampe 98 {Roma} (Romanaccio_Kill),https://prod.cloud.rockstargames.com/ugc/gta5mission/9943/qWoS-QigBEKgyDxynQP5NA/2_0.jpg,https://socialclub.rockstargames.com/job/gtav/qWoS-QigBEKgyDxynQP5NA,https://socialclub.rockstargames.com/member/__-xyjlugah-__/jobs?title=gtav&platform=pc,__-XyJluGaH-__,"Skill test Liberator and  sasquatch ahhh Mulequeee mano lipao   level easy    italian Quality    YouTube Channel    Romanaccio_Kille    enjoy, copied from ps4!","#kosi
#
#nabil
#danirep
#zeal
#geeks
#
lipao
#lasalle
#fiorito
#porkmodz"
{PS4} Lipao MegaRampe 97 {Roma} (Romanaccio_Kill),https://prod.cloud.rockstargames.com/ugc/gta5mission/2467/gzG6nNe4vkKHLCUnSkkJqQ/2_0.jpg,https://socialclub.rockstargames.com/job/gtav/gzG6nNe4vkKHLCUnSkkJqQ,https://socialclub.rockstargames.com/member/__-xyjlugah-__/jobs?title=gtav&platform=pc,__-XyJluGaH-__,"Skill test ruiner destruido  caneta e papel na mao mano lipao   level easy    italian Quality    YouTube Channel    Romanaccio_Kille   enjoy, copied from ps4!","#pork
#chris
#kosi
#nabil
#danirep
#zeal
#geeks
#
lipao
#lasalle
#fiorito"
{PS4} Lipao MegaRampe 15 {Roma} (Romanaccio_kille),https://prod.cloud.rockstargames.com/ugc/gta5mission/4234/J18IuGyZnESzqKCFTa8_Bw/2_0.jpg,https://socialclub.rockstargames.com/job/gtav/J18IuGyZnESzqKCFTa8_Bw,https://socialclub.rockstargames.com/member/__-xyjlugah-__/jobs?title=gtav&platform=pc,__-XyJluGaH-__,"Skill test Stromberg, insane race, incredibile ending in the Bermuda Triangle !!!!!!!  Lipao  Ahhhh mulequeeeee   Level easy     italian   Quality    YouTube   Channel     Romanacc...","#
#nabil
#danirep
#unwin
#zeal
#
lipao
#xdegsta
#lasalle
#fiorito"
{PS4} Lipao MegaRampe 96 {Roma} (Romanaccio_Kill),https://prod.cloud.rockstargames.com/ugc/gta5mission/8802/L8p6ToKf6E-yvIbTxqmCig/2_0.jpg,https://socialclub.rockstargames.com/job/gtav/L8p6ToKf6E-yvIbTxqmCig,https://socialclub.rockstargames.com/member/__-xyjlugah-__/jobs?title=gtav&platform=pc,__-XyJluGaH-__,"Skill test  Draugur   ahhh mulequeee mano lipao   level easy    italian  Quality    YouTube Channel     Romanaccio_Kille  enjoy, copied from ps4!","#kosi
#
#nabil
#danirep
#unwin
#zeal
#geeks
#
lipao
#lasalle
#fiorito"
{PS4} Lipao MegaRampe 95 {Roma} (Romanaccio_Kill),https://prod.cloud.rockstargames.com/ugc/gta5mission/8874/I6TSY2P3gU2VV2L0Kn0kNg/2_0.jpg,https://socialclub.rockstargames.com/job/gtav/I6TSY2P3gU2VV2L0Kn0kNg,https://socialclub.rockstargames.com/member/__-xyjlugah-__/jobs?title=gtav&platform=pc,__-XyJluGaH-__,"Skill test limousine  level easy italian  Quality    YouTube Channel    Romanaccio_Kille   enjoy, copied from ps4!","#kosi
#
#nabil
#danirep
#unwin
#zeal
#geeks
#
lipao
#lasalle
#fiorito"
{PS4} Lipao MegaRampe 94 {Roma} (Romanaccio_Kill),https://prod.cloud.rockstargames.com/ugc/gta5mission/5334/JL5bv1eXCU-SmW1ZfFB_5w/2_0.jpg,https://socialclub.rockstargames.com/job/gtav/JL5bv1eXCU-SmW1ZfFB_5w,https://socialclub.rockstargames.com/member/__-xyjlugah-__/jobs?title=gtav&platform=pc,__-XyJluGaH-__,"Skill test new Entity MT!!!!!!!!! Crazy race Mano lipao   level easy    italian Quality    YouTube Channel     Romanaccio_Kille  enjoy, copied from ps4!","#pork
#kosi
#nabil
#danirep
#unwin
#zeal
#geeks
#
lipao
#lasalle
#fiorito"
{PS4} Lipao MegaRampe 93 {Roma} (Romanaccio_Kill),https://prod.cloud.rockstargames.com/ugc/gta5mission/9626/P05um5iAakGk3dih6nyajQ/2_0.jpg,https://socialclub.rockstargames.com/job/gtav/P05um5iAakGk3dih6nyajQ,https://socialclub.rockstargames.com/member/__-xyjlugah-__/jobs?title=gtav&platform=pc,__-XyJluGaH-__,"Mano lipao AHHHHHH Mulequeee   new christmas parkour with sanchez level easy   italian  Quality     YouTube Channel     Romanaccio_Kille     enjoy   creato con lugozzi, copied from...","#kosi
#
#nabil
#danirep
#zeal
#geeks
#
lipao
#lasalle
#fiorito
#porkmodz"
{PS4} Lipao MegaRampe 91 {Roma} (Romanaccio_Kill),https://prod.cloud.rockstargames.com/ugc/gta5mission/7032/199NDdxcEk66xTcgpNcFUA/2_0.jpg,https://socialclub.rockstargames.com/job/gtav/199NDdxcEk66xTcgpNcFUA,https://socialclub.rockstargames.com/member/___xyjlugah___/jobs?title=gtav&platform=pc,___XyJluGaH___,"Skill test go kart  italian Quality     YouTube Channel     Romanaccio_Kille    enjoy,copied from ps4!","#kosi
#nabil
#danirep
#unwin
#zeal
#geeks
#
lipao
#lasalle
#fiorito
#lusor"
{PS4} Lipao MegaRampe 90 {Roma} (Romanaccio_Kill),https://prod.cloud.rockstargames.com/ugc/gta5mission/6199/k9vV67vDv0m-mNKnVzju1g/2_0.jpg,https://socialclub.rockstargames.com/job/gtav/k9vV67vDv0m-mNKnVzju1g,https://socialclub.rockstargames.com/member/___xyjlugah___/jobs?title=gtav&platform=pc,___XyJluGaH___,"Skill test Astron  insane Tower   Level medium  italian Quality     YouTube Channel      Romanaccio_Kille        enjoy     ,copied from ps4!","#kosi
#nabil
#danirep
#unwin
#zeal
#geeks
#
lipao
#lasalle
#fiorito"
{PS4} Lipao MegaRampe 89 {Roma} (Romanaccio_Kill),https://prod.cloud.rockstargames.com/ugc/gta5mission/5191/hZanGNf36kKXhZBp7zYAOA/2_0.jpg,https://socialclub.rockstargames.com/job/gtav/hZanGNf36kKXhZBp7zYAOA,https://socialclub.rockstargames.com/member/___xyjlugah___/jobs?title=gtav&platform=pc,___XyJluGaH___,"Skill test Freecrawler italian Quality YouTube Channel Romanaccio_Kille enjoy, copied from ps4!",
{PS4} Lipao MegaRampe 86 {Roma} (Romanaccio_Kill),https://prod.cloud.rockstargames.com/ugc/gta5mission/4945/-D8nZtuFRUO9CyNbFm7OQw/2_0.jpg,https://socialclub.rockstargames.com/job/gtav/-D8nZtuFRUO9CyNbFm7OQw,https://socialclub.rockstargames.com/member/___xyjlugah___/jobs?title=gtav&platform=pc,___XyJluGaH___,"Formula asian race Ahh muleque mano Lipao, level Medium italian Quality YouTube Channel Romanaccio_Kille enjoy , copied from ps4!",
{PS4} Lipao MegaRampe 87 {Roma} (Romanaccio_Kill),https://prod.cloud.rockstargames.com/ugc/gta5mission/5002/MI5uZ5ITzEqt5jVU0OLJeA/2_0.jpg,https://socialclub.rockstargames.com/job/gtav/MI5uZ5ITzEqt5jVU0OLJeA,https://socialclub.rockstargames.com/member/___xyjlugah___/jobs?title=gtav&platform=pc,___XyJluGaH___,"Skill test Patriot ahhhh mulequeee mano lipao level easy italian Quality YouTube Channel Romanaccio_Kille enjoy , copied from ps4!",
{PS4} Lipao MegaRampe 85 {Roma} (Romanaccio_Kill),https://prod.cloud.rockstargames.com/ugc/gta5mission/6804/ygQCeTqlKkGESxJAQQH1qA/2_0.jpg,https://socialclub.rockstargames.com/job/gtav/ygQCeTqlKkGESxJAQQH1qA,https://socialclub.rockstargames.com/member/___xyjlugah___/jobs?title=gtav&platform=pc,___XyJluGaH___,"Skill test Panto,Rancher, ahh Mulequeee Lipao :) Level easy italian Quality YouTube Channel Romanaccio_Kille enjoy, copied from ps4!",
{PS4} Lipao MegaRampe 84 {Roma} (Romanaccio_Kill),https://prod.cloud.rockstargames.com/ugc/gta5mission/6883/pzRPzIo4PkarTEtG94nUiQ/2_0.jpg,https://socialclub.rockstargames.com/job/gtav/pzRPzIo4PkarTEtG94nUiQ,https://socialclub.rockstargames.com/member/___xyjlugah___/jobs?title=gtav&platform=pc,___XyJluGaH___,"Skill test Comet S2 Cabrio level easy italian Quality YouTube Channel Romanaccio_Kille enjoy, copied from ps4!",
{PS4} Lipao MegaRampe 83 {Roma} (Romanaccio_Kill),https://prod.cloud.rockstargames.com/ugc/gta5mission/0104/Gl7AZwfj3kOaQ9OXVnc0PA/2_0.jpg,https://socialclub.rockstargames.com/job/gtav/Gl7AZwfj3kOaQ9OXVnc0PA,https://socialclub.rockstargames.com/member/___xyjlugah___/jobs?title=gtav&platform=pc,___XyJluGaH___,"Skill test  Bati 801RR  level easy    italian  Quality     YouTube Channel      Romanaccio_Kille     enjoy, copied from ps4!","#kosi
#nabil
#danirep
#unwin
#zeal
#geeks
#
lipao
#lasalle
#fiorito"
{PS4} Lipao MegaRampe 82 {Roma} (Romanaccio_Kill),https://prod.cloud.rockstargames.com/ugc/gta5mission/4302/fmTW73_4y0ezwwD0S8s87w/2_0.jpg,https://socialclub.rockstargames.com/job/gtav/fmTW73_4y0ezwwD0S8s87w,https://socialclub.rockstargames.com/member/___xyjlugah___/jobs?title=gtav&platform=pc,___XyJluGaH___,"Skill test  Weevil  incredible mega ramp  of Gold 24 K   level easy     italian Quality     YouTube Channel     Romanaccio_Kille    enjoy   created with lugozzi, copied from ps4!","#pork
#kosi
#nabil
#danirep
#unwin
#geeks
#
lipao
#lasalle
#fiorito
#frann"
{PS4} Lipao MegaRampe 81 {Roma} (Romanaccio_Kill),https://prod.cloud.rockstargames.com/ugc/gta5mission/4663/2vcXcu6XTUWLdqbLjNZ1VA/2_0.jpg,https://socialclub.rockstargames.com/job/gtav/2vcXcu6XTUWLdqbLjNZ1VA,https://socialclub.rockstargames.com/member/__xyjlugah__/jobs?title=gtav&platform=pc,__XyJluGaH__,"Skill test shotaro level medium   italian Quality     YouTube Channel   Romanaccio_Kille    enjoy, copied from ps4!","#
#nabil
#danirep
#unwin
#geeks
#
lipao
#lasalle
#fiorito
#porkmodz"
{PS4} Lipao MegaRampe 80 {Roma} (Romanaccio_Kill),https://prod.cloud.rockstargames.com/ugc/gta5mission/1185/5yvyFfHpnkyJsL6ZasuEaA/2_0.jpg,https://socialclub.rockstargames.com/job/gtav/5yvyFfHpnkyJsL6ZasuEaA,https://socialclub.rockstargames.com/member/__xyjlugah__/jobs?title=gtav&platform=pc,__XyJluGaH__,"Skill test sanchez  ahhhh mulequeee mano lipao   level easy   italian Quality    YouTube Channel     Romanaccio_Kille  enjoy, copied from ps4!","#kosi
#
#nabil
#danirep
#unwin
#geeks
#
lipao
#lasalle
#fiorito
#frann"
{PS4} Lipao MegaRampe 79 {Roma} (Romanaccio_Kill),https://prod.cloud.rockstargames.com/ugc/gta5mission/2512/-RE8WA1YZ0KfXDnUwnrz1Q/2_0.jpg,https://socialclub.rockstargames.com/job/gtav/-RE8WA1YZ0KfXDnUwnrz1Q,https://socialclub.rockstargames.com/member/__xyjlugah__/jobs?title=gtav&platform=pc,__XyJluGaH__,"Insane Skill test with Monster truck, epic mega ramp!!!!! ahh mulequeeeee Italian Quality YouTube Channel Romanaccio_Kille enjoy, copied from ps4!",
{PS4} Lipao MegaRampe 73 {Roma} (Romanaccio_Kill),https://prod.cloud.rockstargames.com/ugc/gta5mission/0664/NAdg1XSB2kqsOl4A28Keyw/2_0.jpg,https://socialclub.rockstargames.com/job/gtav/NAdg1XSB2kqsOl4A28Keyw,https://socialclub.rockstargames.com/member/__xyjlugah__/jobs?title=gtav&platform=pc,__XyJluGaH__,Skill test  Brioso 300  Papel e caneta na mao mano lipao!!!!! Level easy  italian Quality    YouTube Channel    Romanaccio_Kille    enjoy      !!!!!!!!!!!!!!!!!!!!!TESTED WITH BRIO...,"#kosi
#nabil
#danirep
#unwin
#
lipao
#lasalle
#fiorito
#porkmodz"
{PS4} Lipao MegaRampe -IS BACK- (Romanaccio_Kill),https://prod.cloud.rockstargames.com/ugc/gta5mission/3163/OEBlVcl67U2sPxuVg_Fn4w/2_0.jpg,https://socialclub.rockstargames.com/job/gtav/OEBlVcl67U2sPxuVg_Fn4w,https://socialclub.rockstargames.com/member/__xyjlugah__/jobs?title=gtav&platform=pc,__XyJluGaH__,"AHHHHHH Mulequeee    insane level asian race      level Medium   italian Quality      YouTube Channel      Romanaccio_Kille     enjoy, copied from ps4!","#kosi
#
#nabil
#danirep
#unwin
#
lipao
#lasalle
#fiorito
#porkmodz"
{PS4} Lipao MegaRampe 71 {Roma} (Romanaccio_Kill),https://prod.cloud.rockstargames.com/ugc/gta5mission/6547/Q174F5LoAU-ETivQtt9LaA/2_0.jpg,https://socialclub.rockstargames.com/job/gtav/Q174F5LoAU-ETivQtt9LaA,https://socialclub.rockstargames.com/member/___xyjlugah___/jobs?title=gtav&platform=pc,___XyJluGaH___,"Skill test Panto   AHHHHHH Mulequeee mano lipao      level easy    italian  Quality    YouTube Channel      Romanaccio_Kille     enjoy YouTube : XyJluGaH (nice4ka), copied from ps4...","#kosi
#
#nabil
#danirep
#unwin
#zeal
#geeks
#
lipao
#lasalle
#fiorito"
{PS4} Lipao MegaRampe 70 {Roma} (Romanaccio_Kill),https://prod.cloud.rockstargames.com/ugc/gta5mission/0087/MTzffTy56kSgcoVXvscJAw/2_0.jpg,https://socialclub.rockstargames.com/job/gtav/MTzffTy56kSgcoVXvscJAw,https://socialclub.rockstargames.com/member/___xyjlugah___/jobs?title=gtav&platform=pc,___XyJluGaH___,"Skill test Shotaro       crazy race Mano lipao     level easy       italian   Quality       YouTube Channel      Romanaccio_Kille      enjoy YouTube : XyJluGaH (nice4ka), copied fr...","#kosi
#
#nabil
#danirep
#unwin
#zeal
#geeks
#
lipao
#lasalle
#fiorito"
{PS4} Lipao MegaRampe 69 {Roma} (Romanaccio_Kill),https://prod.cloud.rockstargames.com/ugc/gta5mission/8377/ZuDwLyF7JUOtWluQCQjZDA/2_0.jpg,https://socialclub.rockstargames.com/job/gtav/ZuDwLyF7JUOtWluQCQjZDA,https://socialclub.rockstargames.com/member/___xyjlugah___/jobs?title=gtav&platform=pc,___XyJluGaH___,"Skill test   xa21 Corrida recomendada por  mano lipao    level Profissa   italian Quality      YouTube Channel      Romanaccio_Kille     enjoy YouTube : XyJluGaH (nice4ka), copied ...","#kosi
#
#nabil
#danirep
#unwin
#zeal
#geeks
#
lipao
#lasalle
#fiorito"
{PS4} Lipao MegaRampe XX {Roma} (Romanaccio_Kill),https://prod.cloud.rockstargames.com/ugc/gta5mission/5093/m-fQwOefGEO5mY24iWxedQ/2_0.jpg,https://socialclub.rockstargames.com/job/gtav/m-fQwOefGEO5mY24iWxedQ,https://socialclub.rockstargames.com/member/___xyjlugah___/jobs?title=gtav&platform=pc,___XyJluGaH___,Skill test   xa21           #level asian#        Corrida recomendada por  mano lipao    level Profissa   italian Quality      YouTube Channel      Romanaccio_Kille     enjoy YouTub...,"#kosi
#
#nabil
#danirep
#unwin
#zeal
#geeks
#
lipao
#lasalle
#fiorito"
{PS4} Lipao MegaRampe 68 {Roma} (Romanaccio_Kill),https://prod.cloud.rockstargames.com/ugc/gta5mission/2657/G_7nTkuRGUa2ZbdDxvMICA/2_0.jpg,https://socialclub.rockstargames.com/job/gtav/G_7nTkuRGUa2ZbdDxvMICA,https://socialclub.rockstargames.com/member/___xyjlugah___/jobs?title=gtav&platform=pc,___XyJluGaH___,"Skill test Bati    insane mega smile Bomb    level easy    italian  Quality     YouTube Channel      Romanaccio_Kille     enjoy YouTube : XyJluGaH (nice4ka), copied from ps4!","#kosi
#
#nabil
#danirep
#unwin
#zeal
#geeks
#
lipao
#lasalle
#fiorito"
{PS4} Lipao MegaRampe 67 {Roma} (Romanaccio_Kill),https://prod.cloud.rockstargames.com/ugc/gta5mission/7753/EoetC8paJEqSE9UcoMpDAQ/2_0.jpg,https://socialclub.rockstargames.com/job/gtav/EoetC8paJEqSE9UcoMpDAQ,https://socialclub.rockstargames.com/member/___xyjlugah___/jobs?title=gtav&platform=pc,___XyJluGaH___,"Skill test  Brioso insane mega ramp  of Gold 24 K   level easy     italian Quality     YouTube Channel     Romanaccio_Kille    enjoy YouTube : XyJluGaH (nice4ka), copied from ps4!","#kosi
#
#nabil
#danirep
#unwin
#zeal
#geeks
#
lipao
#lasalle
#fiorito"
{PS4} Lipao MegaRampe 66 {Roma} (Romanaccio_Kill),https://prod.cloud.rockstargames.com/ugc/gta5mission/0085/pkg2pQt9f0yLA6FKHm2V-A/2_0.jpg,https://socialclub.rockstargames.com/job/gtav/pkg2pQt9f0yLA6FKHm2V-A,https://socialclub.rockstargames.com/member/___xyjlugah___/jobs?title=gtav&platform=pc,___XyJluGaH___,Skill test Trophy Truck   Finale insano mano lipao    AHHHHHH Mulequeee     level Easy     italian Quality      YouTube Channel     Romanaccio_Kille     enjoy YouTube : XyJluGaH (n...,"#kosi
#
#nabil
#danirep
#unwin
#zeal
#geeks
#
lipao
#lasalle
#fiorito"
{PS4} Lipao MegaRampe 65 {Roma} (Romanaccio_Kill),https://prod.cloud.rockstargames.com/ugc/gta5mission/7146/C_B1aHLOTkuxw2VHmkHTdQ/2_0.jpg,https://socialclub.rockstargames.com/job/gtav/C_B1aHLOTkuxw2VHmkHTdQ,https://socialclub.rockstargames.com/member/___xyjlugah___/jobs?title=gtav&platform=pc,___XyJluGaH___,Incredible Mega Rampe do CREEPER (minecraft)  Corrida recomendada por Lipao  ahhhh mulequeee   level easy      italian Quality       YouTube Channel       Romanaccio_Kille      enj...,"#kosi
#
#nabil
#danirep
#unwin
#zeal
#geeks
#
lipao
#lasalle
#fiorito"
{PS4} Lipao MegaRampe 64 {Roma} (Romanaccio_Kill),https://prod.cloud.rockstargames.com/ugc/gta5mission/6878/bWigXE1hIkiXLidogAmUbA/2_0.jpg,https://socialclub.rockstargames.com/job/gtav/bWigXE1hIkiXLidogAmUbA,https://socialclub.rockstargames.com/member/___xyjlugah___/jobs?title=gtav&platform=pc,___XyJluGaH___,Skill test Cheburek (Russian Mafia Car)   ahhhh mulequeee mano lipao   level medium   italian  Quality     YouTube Channel     Romanaccio_Kille      enjoy YouTube : XyJluGaH (nice4...,"#kosi
#
#nabil
#danirep
#unwin
#zeal
#geeks
#
lipao
#lasalle
#fiorito"
{PS4} Lipao MegaRampe 63 {Roma} (Romanaccio_Kill),https://prod.cloud.rockstargames.com/ugc/gta5mission/2358/G5SK8DqY6kqvoy-GuWib5Q/2_0.jpg,https://socialclub.rockstargames.com/job/gtav/G5SK8DqY6kqvoy-GuWib5Q,https://socialclub.rockstargames.com/member/___xyjlugah___/jobs?title=gtav&platform=pc,___XyJluGaH___,Skill test F1 and xa21    Competicao para Profissionais           crazy level asian        Finale insano mano lipao    level medium   italian Quality      YouTube Channel      Roma...,"#kosi
#
#nabil
#danirep
#unwin
#geeks
#
lipao
#lasalle
#fiorito"
{PS4} Lipao MegaRampe 62 {Roma} (Romanaccio_Kill),https://prod.cloud.rockstargames.com/ugc/gta5mission/5047/dOAKhsp38E2KgM-2ZjG1Uw/2_0.jpg,https://socialclub.rockstargames.com/job/gtav/dOAKhsp38E2KgM-2ZjG1Uw,https://socialclub.rockstargames.com/member/___xyjlugah___/jobs?title=gtav&platform=pc,___XyJluGaH___,"Skill test ZR380 (Futurshok)   Finale insano Mano lipao     level easy    italian Quality     YouTube Channel     Romanaccio_Kille    enjoy YouTube : XyJluGaH (nice4ka), copied fro...","#kosi
#
#nabil
#danirep
#unwin
#zeal
#geeks
#
lipao
#lasalle
#fiorito"
{PS4} Lipao MegaRampe 61 {Roma} (Romanaccio_Kill),https://prod.cloud.rockstargames.com/ugc/gta5mission/9438/Zci_-cmdP0Oe4OFgwl0aDg/2_0.jpg,https://socialclub.rockstargames.com/job/gtav/Zci_-cmdP0Oe4OFgwl0aDg,https://socialclub.rockstargames.com/member/___xyjlugah___/jobs?title=gtav&platform=pc,___XyJluGaH___,Skill test Liberator   insane mega bomb Ramp this is crazy mano lipao  level easy     italian   Quality      YouTube Channel      Romanaccio_Kille    enjoy YouTube : XyJluGaH (nice...,"#kosi
#
#nabil
#danirep
#unwin
#geeks
#
lipao
#lasalle
#fiorito"
{PS4} Lipao MegaRampe 60 {Roma} (Romanaccio_Kill),https://prod.cloud.rockstargames.com/ugc/gta5mission/9011/oULn17dlzUyLy7EUg8x-EA/2_0.jpg,https://socialclub.rockstargames.com/job/gtav/oULn17dlzUyLy7EUg8x-EA,https://socialclub.rockstargames.com/member/___xyjlugah___/jobs?title=gtav&platform=pc,___XyJluGaH___,Skill test Everon  Insane Off Road Race  papel e caneta na mao mano lipao     level easy     italian Quality     YouTube Channel    Romanaccio_Kille    enjoy YouTube : XyJluGaH (ni...,"#kosi
#
#nabil
#danirep
#unwin
#geeks
#
lipao
#lasalle"
{PS4} Lipao MegaRampe 59 {Roma} (Romanaccio_Kill),https://prod.cloud.rockstargames.com/ugc/gta5mission/0744/Ga_H2M11s0eaixOFDOgWbQ/2_0.jpg,https://socialclub.rockstargames.com/job/gtav/Ga_H2M11s0eaixOFDOgWbQ,https://socialclub.rockstargames.com/member/___xyjlugah___/jobs?title=gtav&platform=pc,___XyJluGaH___,"Skill test Sanchez   this is insane mano lipao    level easy    italian Quality      YouTube Channel     Romanaccio_Kille     enjoy YouTube : XyJluGaH (nice4ka), copied from ps4!","#kosi
#
#nabil
#danirep
#unwin
#geeks
#
lipao
#lasalle"
{PS4} Lipao MegaRampe 58 {Roma} (Romanaccio_Kill),https://prod.cloud.rockstargames.com/ugc/gta5mission/7417/SJejnaPL5UyZkucq61BLVQ/2_0.jpg,https://socialclub.rockstargames.com/job/gtav/SJejnaPL5UyZkucq61BLVQ,https://socialclub.rockstargames.com/member/___xyjlugah___/jobs?title=gtav&platform=pc,___XyJluGaH___,"Skill test Bati   Dangerous path on the heads   criado para lipao   level easy     italian Quality      YouTube Channel     Romanaccio_Kille    enjoy YouTube : XyJluGaH (nice4ka), ...","#kosi
#
#nabil
#danirep
#unwin
#geeks
#
lipao
#lasalle"
{PS4} Lipao MegaRampe 57 {Roma} (Romanaccio_Kill),https://prod.cloud.rockstargames.com/ugc/gta5mission/1511/OavYu8FvD0CMcpqlVNjurA/2_0.jpg,https://socialclub.rockstargames.com/job/gtav/OavYu8FvD0CMcpqlVNjurA,https://socialclub.rockstargames.com/member/___xyjlugah___/jobs?title=gtav&platform=pc,___XyJluGaH___,Skill test freecrawler crazy race with flat tires   ahhhh Mulequeee  mano lipao    level easy    italian Quality    YouTube Channel    Romanaccio_Kille    enjoy YouTube : XyJluGaH ...,"#kosi
#
#nabil
#danirep
#unwin
#geeks
#
lipao
#lasalle
#fiorito"
{PS4} Lipao MegaRampe 55 {Roma} (Romanaccio_Kill),https://prod.cloud.rockstargames.com/ugc/gta5mission/1372/PgurxB5I4EiIuEhO5RAE1w/2_0.jpg,https://socialclub.rockstargames.com/job/gtav/PgurxB5I4EiIuEhO5RAE1w,https://socialclub.rockstargames.com/member/___xyjlugah___/jobs?title=gtav&platform=pc,___XyJluGaH___,"Skill test  Bati  Finale explosivo Mano lipao    Level easy     italian Quality      YouTube Channel     Romanaccio_Kille     enjoy YouTube : XyJluGaH (nice4ka), copied from ps4!","#kosi
#
#nabil
#danirep
#unwin
#geeks
#
lipao
#lasalle"
{PS4} Lipao MegaRampe 56 {Roma} (Romanaccio_Kill),https://prod.cloud.rockstargames.com/ugc/gta5mission/3977/3ET1bH5c3EyJZW30UJXqGg/2_0.jpg,https://socialclub.rockstargames.com/job/gtav/3ET1bH5c3EyJZW30UJXqGg,https://socialclub.rockstargames.com/member/xyjlugah_banned/jobs?title=gtav&platform=pc,XyJluGaH_banned,"Skill test Scramjet, Insane mega Emoticon Rainbow Ramp, Mano lipao AHHHHHH Mulequeee      level medium   Italian Quality    YouTube Channel      Romanaccio_Kille     enjoy YouTube ...","#kosi
#
#nabil
#danirep
#unwin
#geeks
#
lipao
#lasalle
#fiorito"
{PS4} Lipao MegaRampe 54 {Roma} (Romanaccio_Kill),https://prod.cloud.rockstargames.com/ugc/gta5mission/8973/hb4RnQMJ5k2OliABwWDssQ/2_0.jpg,https://socialclub.rockstargames.com/job/gtav/hb4RnQMJ5k2OliABwWDssQ,https://socialclub.rockstargames.com/member/xyjlugah_banned/jobs?title=gtav&platform=pc,XyJluGaH_banned,"Skill test train, Thi is crazy Mano lipao   level easy    italian Quality    YouTube Channel      Romanaccio_Kille     enjoy YouTube : XyJluGaH (nice4ka), copied from ps4!","#kosi
#
#nabil
#danirep
#unwin
#geeks
#
lipao
#lasalle"
{PS4} Lipao MegaRampe 53 {Roma} (Romanaccio_Kill),https://prod.cloud.rockstargames.com/ugc/gta5mission/0230/9eaffveaAkSlnLrEo6jTdw/2_0.jpg,https://socialclub.rockstargames.com/job/gtav/9eaffveaAkSlnLrEo6jTdw,https://socialclub.rockstargames.com/member/xyjlugah_banned/jobs?title=gtav&platform=pc,XyJluGaH_banned,Skill test  Bati  insane Race Mano lipao!!!   Recomandata para lipao  Level easy    italian Quality     YouTube Channel     Romanaccio_Kille    enjoy  made by YouTube : XyJluGaH (n...,"#
#
lipao"
{PS4} Lipao MegaRampe 51 {Roma} (Romanaccio_Kill),https://prod.cloud.rockstargames.com/ugc/gta5mission/3647/7Yr3lyoJsUCkHN9bQeiOAA/2_0.jpg,https://socialclub.rockstargames.com/job/gtav/7Yr3lyoJsUCkHN9bQeiOAA,https://socialclub.rockstargames.com/member/xyjlugah_banned/jobs?title=gtav&platform=pc,XyJluGaH_banned,"Skill test Zentorno    insane Mega Ramp with bombs    level easy   italian Quality   YouTube Channel     Romanaccio_Kille     enjoy  made by YouTube : XyJluGaH (nice4ka), copied fr...","#kosi
#
#nabil
#danirep
#unwin
#geeks
#
lipao
#lasalle"
{PS4} Lipao MegaRampe 52 {Roma} (Romanaccio_Kill),https://prod.cloud.rockstargames.com/ugc/gta5mission/0499/3VZZKT-YSUq0JKQt9cnvhQ/2_0.jpg,https://socialclub.rockstargames.com/job/gtav/3VZZKT-YSUq0JKQt9cnvhQ,https://socialclub.rockstargames.com/member/xyjlugah_banned/jobs?title=gtav&platform=pc,XyJluGaH_banned,Skill test new Vehicle  Landstalker XL    AHHHHHH Mulequeee mano Lipao     level easy   italian Quality      YouTube Channel      Romanaccio_Kille     enjoy  made by YouTube : XyJl...,"#kosi
#
#nabil
#danirep
#unwin
#geeks
#
lipao
#lasalle"
{PS4} Lipao MegaRampe 50 {Roma} (Romanaccio_Kill),https://prod.cloud.rockstargames.com/ugc/gta5mission/0270/xaXlD-u9sUWyiAQj70yZeA/2_0.jpg,https://socialclub.rockstargames.com/job/gtav/xaXlD-u9sUWyiAQj70yZeA,https://socialclub.rockstargames.com/member/xyjlugah_banned/jobs?title=gtav&platform=pc,XyJluGaH_banned,"Skill test New Car Penumbra  insane mega ramp  of lucky Wheel  level easy    italian Quality     YouTube Channel    Romanaccio_Kille    enjoy  made by YouTube : XyJluGaH (nice4ka),...","#kosi
#
#nabil
#danirep
#unwin
#geeks
#
lipao
#lasalle"
{PS4} Lipao MegaRampe 49 {Roma} (Romanaccio_Kill),https://prod.cloud.rockstargames.com/ugc/gta5mission/3517/9pmFOzq0Tkurul2MGaLj-Q/2_0.jpg,https://socialclub.rockstargames.com/job/gtav/9pmFOzq0Tkurul2MGaLj-Q,https://socialclub.rockstargames.com/member/xyjlugah_banned/jobs?title=gtav&platform=pc,XyJluGaH_banned,Skill test new Tigon (CUSTOM)   Corrida recomendada por Lipao     level  easy    italian Quality    YouTube Channel     Romanaccio_Kille     enjoy  made by YouTube : XyJluGaH (nice...,"#kosi
#
#nabil
#danirep
#unwin
#geeks
#
lipao
#lasalle"
{PS4} Lipao MegaRampe 48 {Roma} (Romanaccio_Kill),https://prod.cloud.rockstargames.com/ugc/gta5mission/9457/FCrpSqYcaEGNN7FLlFfb4Q/2_0.jpg,https://socialclub.rockstargames.com/job/gtav/FCrpSqYcaEGNN7FLlFfb4Q,https://socialclub.rockstargames.com/member/xyjlugah_banned/jobs?title=gtav&platform=pc,XyJluGaH_banned,"Skill test new Declasse Yosemite (Benny Custom)  Level easy    italian Quality    YouTube Channel    Romanaccio_Kille    enjoy  made by YouTube : XyJluGaH (nice4ka), copied from ps...","#kosi
#
#nabil
#danirep
#unwin
#geeks
#
lipao
#lasalle"
{PS4} Lipao MegaRampe 47 {Roma} (Romanaccio_Kill),https://prod.cloud.rockstargames.com/ugc/gta5mission/1252/YNKKyZrY9EapNgihD6_WNA/2_0.jpg,https://socialclub.rockstargames.com/job/gtav/YNKKyZrY9EapNgihD6_WNA,https://socialclub.rockstargames.com/member/xyjlugah_banned/jobs?title=gtav&platform=pc,XyJluGaH_banned,"Skill test club (NEW GOLF) AHHHHHH Mulequeee mano lipao   level easy    italian Quality     YouTube Channel     Romanaccio_Kille     enjoy     made by YouTube : XyJluGaH (nice4ka),...","#kosi
#
#nabil
#danirep
#unwin
#geeks
#
lipao
#lasalle"
{PS4} Lipao MegaRampe 46 {Roma} (Romanaccio_Kill),https://prod.cloud.rockstargames.com/ugc/gta5mission/0185/GjVLzD1foUC8suBoQDH_1w/2_0.jpg,https://socialclub.rockstargames.com/job/gtav/GjVLzD1foUC8suBoQDH_1w,https://socialclub.rockstargames.com/member/xyjlugah_banned/jobs?title=gtav&platform=pc,XyJluGaH_banned,"Skill test New Vehicle F1 Dr1  catavento eolicos are Back Mano lipao,  Level easy    italian Quality     YouTube Channel     Romanaccio_Kille     enjoy  made by YouTube : XyJluGaH ...","#kosi
#
#nabil
#danirep
#unwin
#geeks
#
lipao
#lasalle"
{PS4} Lipao MegaRampe 45 {Roma} (Romanaccio_Kill),https://prod.cloud.rockstargames.com/ugc/gta5mission/3323/_8uCYUDMzkqgIlYQoh5v3w/2_0.jpg,https://socialclub.rockstargames.com/job/gtav/_8uCYUDMzkqgIlYQoh5v3w,https://socialclub.rockstargames.com/member/xyjlugah_banned/jobs?title=gtav&platform=pc,XyJluGaH_banned,Skill test Coquette D10 New Car of DLC   AHHHHHH Mulequeee mano Lipao      Level easy    italian Quality     YouTube Channel      Romanaccio_Kille     enjoy  made by YouTube : XyJl...,"#kosi
#
#nabil
#danirep
#unwin
#geeks
#
lipao
#lasalle"
{PS4} Lipao MegaRampe 44 {Roma} (Romanaccio_Kill),https://prod.cloud.rockstargames.com/ugc/gta5mission/3707/4FlDbg7pnkuWwyZW2QC2gw/2_0.jpg,https://socialclub.rockstargames.com/job/gtav/4FlDbg7pnkuWwyZW2QC2gw,https://socialclub.rockstargames.com/member/xyjlugah_banned/jobs?title=gtav&platform=pc,XyJluGaH_banned,Skill test  Panto!!!   crazy race mano Lipao    ahhhh Mulequeee    Level easy    italian Quality    YouTube Channel    Romanaccio_Kille    enjoy  made by YouTube : XyJluGaH (nice4k...,"#kosi
#
#nabil
#danirep
#unwin
#geeks
#
lipao
#lasalle"
{PS4} Lipao MegaRampe 43 {Roma} (Romanaccio_Kill),https://prod.cloud.rockstargames.com/ugc/gta5mission/8104/vg7oxJfFwkmPjVZX7sHW7A/2_0.jpg,https://socialclub.rockstargames.com/job/gtav/vg7oxJfFwkmPjVZX7sHW7A,https://socialclub.rockstargames.com/member/xyjlugah_banned/jobs?title=gtav&platform=pc,XyJluGaH_banned,"Skill test Deveste, Crazy Parkour-Asian Skill test,  lipao esta e uma competicao para profissionais, level  easy    italian Quality     YouTube Channel     Romanaccio_Kille     enj...","#kosi
#
#nabil
#danirep
#unwin
#geeks
#
lipao
#lasalle"
{PS4} Lipao MegaRampe 42 {Roma} (Romanaccio_Kill),https://prod.cloud.rockstargames.com/ugc/gta5mission/4593/VIXnRWSIG06FRS9DSCpccQ/2_0.jpg,https://socialclub.rockstargames.com/job/gtav/VIXnRWSIG06FRS9DSCpccQ,https://socialclub.rockstargames.com/member/xyjlugah_banned/jobs?title=gtav&platform=pc,XyJluGaH_banned,"Skill test  Cerberus,Caddie,Bruiser, insane mega ramp with Cerberus,  Ahhhh Mulequeee mano Lipao, level  Medium-Hard     italian Quality     YouTube Channel      Romanaccio_Kille  ...","#kosi
#
#nabil
#danirep
#unwin
#geeks
#
lipao
#lasalle"
{PS4} ANDRYKOUR MOD 4 (Andryon-mod),https://prod.cloud.rockstargames.com/ugc/gta5mission/8480/T_MVOFgvLEOf-P5SGF1JOQ/2_0.jpg,https://socialclub.rockstargames.com/job/gtav/T_MVOFgvLEOf-P5SGF1JOQ,https://socialclub.rockstargames.com/member/thechenko/jobs?title=gtav&platform=pc,TheChenko,PARKOUR CON MEGARAMPE. PASSATE SUL MIO CANALE YOUTUBE (ANDRYONE_89). #ROMANACCIO_KILLE #LUGOZZIMODZ #SOLDADODAMORTE #FIORITOGAMER #LIPAO #ZEAL #CRISF27 #BRYANDRES #DANIREP #KOSI #E...,#andry
{PS4} Lipao MegaRampe 41 {Roma} (Romanaccio_Kill),https://prod.cloud.rockstargames.com/ugc/gta5mission/6554/pP8UMn2Zf06tO1zQK3wWcw/2_0.jpg,https://socialclub.rockstargames.com/job/gtav/pP8UMn2Zf06tO1zQK3wWcw,https://socialclub.rockstargames.com/member/xyjlugah_banned/jobs?title=gtav&platform=pc,XyJluGaH_banned,Skill test  Issi Classic  Papel e caneta na mao mano lipao!!!!! Level easy  italian Quality    YouTube Channel    Romanaccio_Kille    enjoy      !!!!!!!!!!!!!!!!!!!!!TESTED WITH IS...,"#kosi
#
#nabil
#danirep
#unwin
#geeks
#
lipao
#lasalle"
{PS4} Lipao MegaRampe 40 {Roma} (Romanaccio_Kill),https://prod.cloud.rockstargames.com/ugc/gta5mission/3743/KOYtp6YDV0a2LuoNBxlyiA/2_0.jpg,https://socialclub.rockstargames.com/job/gtav/KOYtp6YDV0a2LuoNBxlyiA,https://socialclub.rockstargames.com/member/xyjlugah_banned/jobs?title=gtav&platform=pc,XyJluGaH_banned,"Skill test Freecrawler, Insane mega ramp with Benches, ahhh Mulequeee mano Lipao, level easy     italian  Quality     YouTube Channel     Romanaccio_Kille    enjoy YouTube : XyJluG...","#kosi
#
#nabil
#danirep
#unwin
#geeks
#
lipao
#lasalle"
{PS4} Lipao MegaRampe 33 {Roma} (Romanaccio_Kill),https://prod.cloud.rockstargames.com/ugc/gta5mission/1618/CktAppKLU067dWteHCYzHw/2_0.jpg,https://socialclub.rockstargames.com/job/gtav/CktAppKLU067dWteHCYzHw,https://socialclub.rockstargames.com/member/xyjlugah_banned/jobs?title=gtav&platform=pc,XyJluGaH_banned,"Skill test Panto,Rancher,Ruiner,Cutter, Finale Incredibile cutter vs Human, ahh Mulequeee Lipao :)  Level easy   italian Quality    YouTube Channel    Romanaccio_Kille    enjoy You...","#kosi
#
#nabil
#danirep
#unwin
#zeal
#geeks
#
lipao
#lasalle
#fiorito"
{PS4} Lipao MegaRampe 19 {Roma} (Romanaccio_Kill),https://prod.cloud.rockstargames.com/ugc/gta5mission/5867/UNTOVBriZ02EMbsc0f5uVA/2_0.jpg,https://socialclub.rockstargames.com/job/gtav/UNTOVBriZ02EMbsc0f5uVA,https://socialclub.rockstargames.com/member/xyjlugah_banned/jobs?title=gtav&platform=pc,XyJluGaH_banned,Fixed Bugs!!!!!   Skill test Massacro!!!!  Insane Mega Ramp With Big Boat !! Caneta e Papel  na mao manu lipao!  Os melhores votos para 9 milhoes   #Road to 10 M.       Level  easy...,"#kosi
#diogo
#nabil
#danirep
#unwin
#zeal
#geeks
#
lipao
#bstaard
#lasalle"
{PS4} Lipao MegaRampe 18 {Roma} (Romanaccio_Kill),https://prod.cloud.rockstargames.com/ugc/gta5mission/5285/MaKi0ZD00ECYHBkNPmdeUA/2_0.jpg,https://socialclub.rockstargames.com/job/gtav/MaKi0ZD00ECYHBkNPmdeUA,https://socialclub.rockstargames.com/member/xyjlugah_banned/jobs?title=gtav&platform=pc,XyJluGaH_banned,"Insane MEGA RAMP With Cargo Plane!!!!! Lipao  Papel e caneta na mao,  Level easy    italian Quality      YouTube Channel     Romanaccio_Kille     enjoy YouTube : XyJluGaH (nice4ka)...","#kosi
#
#nabil
#danirep
#unwin
#zeal
#geeks
#
lipao
#lasalle
#auguxto"
{PS4} Lipao MegaRampe 15 {Roma} (Romanaccio_Kill),https://prod.cloud.rockstargames.com/ugc/gta5mission/5889/SUz81ilOV0SyXr-IOybf4g/2_0.jpg,https://socialclub.rockstargames.com/job/gtav/SUz81ilOV0SyXr-IOybf4g,https://socialclub.rockstargames.com/member/xyjlugah_banned/jobs?title=gtav&platform=pc,XyJluGaH_banned,"Special race with 4 MEGA RAMPE, level Profisaaaaaaaa   italian Quality     YouTube  Channel     Romanaccio_Kille     enjoy  YouTube : XyJluGaH (nice4ka), copied from ps4!","#nabil
#danirep
#unwin
#zeal
#
lipao
#xdegsta
#lasalle
#auguxto"
{PS4} Lipao MegaRampe 13 {Roma} (Romanaccio_Kill),https://prod.cloud.rockstargames.com/ugc/gta5mission/3098/yGlfwUZQnEGpLApt6vQheg/2_0.jpg,https://socialclub.rockstargames.com/job/gtav/yGlfwUZQnEGpLApt6vQheg,https://socialclub.rockstargames.com/member/xyjlugah_banned/jobs?title=gtav&platform=pc,XyJluGaH_banned,"Skill test adder, lipao my first vehicle in gta broo,  level easy    italian  Quality     YouTube Channel       Romanaccio_Kille      enjoy YouTube : XyJluGaH (nice4ka), copied fro...","#kosi
#nabil
#danirep
#unwin
#zeal
#geeks
#
lipao
#fiorito
#lasal
#auguxto"
{PS4} Lipao MegaRampe 12 {Roma} (Romanaccio_Kill),https://prod.cloud.rockstargames.com/ugc/gta5mission/9142/40yY_0FNyUyxR7gJLJ3dqQ/2_0.jpg,https://socialclub.rockstargames.com/job/gtav/40yY_0FNyUyxR7gJLJ3dqQ,https://socialclub.rockstargames.com/member/xyjlugah_banned/jobs?title=gtav&platform=pc,XyJluGaH_banned,"Super skill test F1 level italia,  lipao you can finish in 10 min?????   Level medium    italian  Quality    YouTube Channel    Romanaccio_Kille    enjoy YouTube : XyJluGaH (nice4k...","#
#nabil
#danirep
#unwin
#zeal
#geeks
#
lipao
#lasalle
#fiorito
#auguxto"
{PS4} Lipao MegaRampe 11 {Roma} (Romanaccio_Kill),https://prod.cloud.rockstargames.com/ugc/gta5mission/8794/hMGjdN8a2kGfQMOUubdWeA/2_0.jpg,https://socialclub.rockstargames.com/job/gtav/hMGjdN8a2kGfQMOUubdWeA,https://socialclub.rockstargames.com/member/xyjlugah_banned/jobs?title=gtav&platform=pc,XyJluGaH_banned,"Skill test ZHABA  insane race  Lipao Profisaaaaaaaa   Level easy  italian Quality    YouTube Channel     Romanaccio_Kille      enjoy YouTube : XyJluGaH (nice4ka), copied from ps4!","#nabil
#danirep
#unwin
#zeal
#geeks
#
lipao
#lasalle
#fiorito
#auguxto"
{PS4} Lipao MegaRampe 10{Roma}  (Romanaccio_Kill),https://prod.cloud.rockstargames.com/ugc/gta5mission/9178/P8r54rlQqUWxGuvcIRPhuQ/2_0.jpg,https://socialclub.rockstargames.com/job/gtav/P8r54rlQqUWxGuvcIRPhuQ,https://socialclub.rockstargames.com/member/xyjlugah_banned/jobs?title=gtav&platform=pc,XyJluGaH_banned,"Skill test Turismo R  The Highest mega ramp in GTA ,LIPAO Delizia this crazy race  and ahhhhhhhh mulequeee   Level easy    italian Quality    YouTube Channel      Romanaccio_Kille ...","#
#nabil
#danirep
#unwin
#zeal
#geeks
#
lipao
#lasalle
#fiorito
#auguxto"
{PS4} Lipao MegaRampe 37 {Roma} (Romanaccio_Kill),https://prod.cloud.rockstargames.com/ugc/gta5mission/9088/E1MBxdWPF0Wn6adPlUYfLQ/2_0.jpg,https://socialclub.rockstargames.com/job/gtav/E1MBxdWPF0Wn6adPlUYfLQ,https://socialclub.rockstargames.com/member/xyjlugah_banned/jobs?title=gtav&platform=pc,XyJluGaH_banned,"Corrida especial de verao, recomendada por Lipao, skill test Dinghi,Blazer Acqua,Marquis,Seashark,  AHHHHHH Mulequeee  Level easy     italian Quality     YouTube Channel      Roman...","#kosi
#nabil
#danirep
#unwin
#
lipao
#lasalle"
{PS4} Lipao MegaRampe 35 {Roma} (Romanaccio_Kill),https://prod.cloud.rockstargames.com/ugc/gta5mission/2710/nGxvJbqwSEegiru0wl7P5w/2_0.jpg,https://socialclub.rockstargames.com/job/gtav/nGxvJbqwSEegiru0wl7P5w,https://socialclub.rockstargames.com/member/xyjlugah_banned/jobs?title=gtav&platform=pc,XyJluGaH_banned,"Super race with incredibile mega ramp with the Marquis Boat, Lipao this is insane!!!! Level easy    italian Quality     YouTube Channel      Romanaccio_Kille      enjoy YouTube : X...","#kosi
#
#nabil
#danirep
#unwin
#zeal
#geeks
#
lipao
#lasalle"
{PS4} Lipao MegaRampe 32 {Roma} (Romanaccio_Kill),https://prod.cloud.rockstargames.com/ugc/gta5mission/8555/2KHvnuWPCkGETO3cs9BnqQ/2_0.jpg,https://socialclub.rockstargames.com/job/gtav/2KHvnuWPCkGETO3cs9BnqQ,https://socialclub.rockstargames.com/member/xyjlugah_banned/jobs?title=gtav&platform=pc,XyJluGaH_banned,"FIXED BUB    FIXED BUG   Skill test Seashark and Zentorno, insane mega Ramp from mount Chiliad to Alamo in Seashark, LIPAO  This is creazy Bro,    level   Medium     italian Qualit...","#kosi
#
#nabil
#danirep
#unwin
#zeal
#geeks
#
lipao
#lasalle
#fiorito"
{PS4} Lipao MegaRampe 29 {Roma} (Romanaccio_Kill),https://prod.cloud.rockstargames.com/ugc/gta5mission/3866/Eias0dLWPEChSmZc5oMFQg/2_0.jpg,https://socialclub.rockstargames.com/job/gtav/Eias0dLWPEChSmZc5oMFQg,https://socialclub.rockstargames.com/member/xyjlugah_banned/jobs?title=gtav&platform=pc,XyJluGaH_banned,"Skill test Adder  X3 Mega Rampe onduladas Lipao  ahhh Mulequeee    italian Quality    YouTube Channel    Romanaccio_Kille    enjoy YouTube : XyJluGaH (nice4ka), copied from ps4!","#kosi
#
#nabil
#danirep
#unwin
#zeal
#
lipao
#lasalle
#geeksthegreeks"
{PS4} Lipao MegaRampe 28 {Roma} (Romanaccio_Kill),https://prod.cloud.rockstargames.com/ugc/gta5mission/0060/_MGWo6KE5UiYn-93DFH-uQ/2_0.jpg,https://socialclub.rockstargames.com/job/gtav/_MGWo6KE5UiYn-93DFH-uQ,https://socialclub.rockstargames.com/member/xyjlugah_banned/jobs?title=gtav&platform=pc,XyJluGaH_banned,"Skill test Trophy Truck!!!! Insane X4 mega rampe troll,  Criado para Lipao e toda a gangue  level easy    italian  Quality      YouTube Channel      Romanaccio_Kille    enjoy   You...","#kosi
#
#nabil
#danirep
#unwin
#zeal
#
lipao
#lasalle
#geeksthegreeks"
{PS4} Lipao MegaRampe 25 {Roma} (Romanaccio_Kill),https://prod.cloud.rockstargames.com/ugc/gta5mission/7206/hQxUjCHEH069Ykhk0ldI3g/2_0.jpg,https://socialclub.rockstargames.com/job/gtav/hQxUjCHEH069Ykhk0ldI3g,https://socialclub.rockstargames.com/member/xyjlugah_banned/jobs?title=gtav&platform=pc,XyJluGaH_banned,"Skill test sanchez, epic mega ramp of tears,  i hope you like mano lipao,  italian Quality    YouTube Channel     Romanaccio_Kille    enjoy YouTube : XyJluGaH (nice4ka), copied fro...","#
#nabil
#danirep
#unwin
#zeal
#
lipao
#lasalle
#geeksthegreeks"
{PS4} Lipao MegaRampe 22 {Roma} (Romanaccio_Kill),https://prod.cloud.rockstargames.com/ugc/gta5mission/2233/rK_pUh_wjEuIX1xbyrrelw/2_0.jpg,https://socialclub.rockstargames.com/job/gtav/rK_pUh_wjEuIX1xbyrrelw,https://socialclub.rockstargames.com/member/xyjlugah_banned/jobs?title=gtav&platform=pc,XyJluGaH_banned,"Skill test Blazer Acqua, LIPAO  Ahhhhh Mulequeee  :)  level easy   italian Quality    YouTube Channel     Romanaccio_Kille      enjoy YouTube : XyJluGaH (nice4ka), copied from ps4!","#kosi
#
#nabil
#danirep
#unwin
#zeal
#
lipao
#lasalle"
{PS4} Lipao MegaRampe 21 {Roma} (Romanaccio_Kill),https://prod.cloud.rockstargames.com/ugc/gta5mission/5955/VxYmy00_30-Vq6p2kYkSpA/2_0.jpg,https://socialclub.rockstargames.com/job/gtav/VxYmy00_30-Vq6p2kYkSpA,https://socialclub.rockstargames.com/member/xyjlugah_banned/jobs?title=gtav&platform=pc,XyJluGaH_banned,"Skill test shotaro,  caneta e Papel na mao Lipao corrida especial,  level   easy   italian  Quality     YouTube Channel    Romanaccio_Kille    enjoy YouTube : XyJluGaH (nice4ka), c...","#
#
lipao
gamer"
{PS4} Lipao MegaRampe 20 {Roma} (Romanaccio_Kill),https://prod.cloud.rockstargames.com/ugc/gta5mission/6609/-8zfLXulCUe90Lna_lfzeQ/2_0.jpg,https://socialclub.rockstargames.com/job/gtav/-8zfLXulCUe90Lna_lfzeQ,https://socialclub.rockstargames.com/member/xyjlugah_banned/jobs?title=gtav&platform=pc,XyJluGaH_banned,"Insane Skill test with Monster truck, epic mega ramp!!!!! Lipao ja alancamosa versao 20 das mega rampas, a mao esta melhor, ahh mulequeeeee  Italian Quality    YouTube Channel     ...","#kosi
#
#nabil
#danirep
#unwin
#zeal
#
lipao
#lasalle
#auguxto"
{PS4} Lipao MegaRampe 23 {Roma} (Romanaccio_Kill),https://prod.cloud.rockstargames.com/ugc/gta5mission/1322/_6ra1y1NbEKJgkaMlKvHlg/2_0.jpg,https://socialclub.rockstargames.com/job/gtav/_6ra1y1NbEKJgkaMlKvHlg,https://socialclub.rockstargames.com/member/xyjlugah_banned/jobs?title=gtav&platform=pc,XyJluGaH_banned,"Skill test Dump  insane slide on container   level  easy    italian  Quality     YouTube Channel     Romanaccio_Kille     enjoy YouTube : XyJluGaH (nice4ka), copied from ps4!","#
#nabil
#danirep
#unwin
#zeal
#
lipao
#lasalle"
{PS4} Lipao MegaRampe 24 {Roma} (Romanaccio_Kill),https://prod.cloud.rockstargames.com/ugc/gta5mission/2062/4YsimABq8Umy-yJbEE84Mw/2_0.jpg,https://socialclub.rockstargames.com/job/gtav/4YsimABq8Umy-yJbEE84Mw,https://socialclub.rockstargames.com/member/xyjlugah_banned/jobs?title=gtav&platform=pc,XyJluGaH_banned,"Skill test xa21 and F1, 10 min race, Lipao Ahhhhh Mulequeee   italian Quality     YouTube Channel      Romanaccio_Kille     enjoy YouTube : XyJluGaH (nice4ka), copied from ps4!","#
#nabil
#danirep
#unwin
#zeal
#
lipao
#bstaard
#lasalle"
{PS4} Lipao MegaRampe 30 {Roma} (Romanaccio_Kill),https://prod.cloud.rockstargames.com/ugc/gta5mission/9657/QN-hCSi_FEqueUc_NQxGpw/2_0.jpg,https://socialclub.rockstargames.com/job/gtav/QN-hCSi_FEqueUc_NQxGpw,https://socialclub.rockstargames.com/member/xyjlugah_banned/jobs?title=gtav&platform=pc,XyJluGaH_banned,"Skill test  mini tank, zhaba, elevator, space doker, faggio, crazy race mano lipao,  level easy     italian  Quality     YouTube Channel     Romanaccio_Kille     enjoy YouTube : Xy...","#kosi
#
#nabil
#danirep
#unwin
#zeal
#
lipao
#lasalle
#geeksthegreeks"
{PS4} Lipao MegaRampe 31 {Roma} (Romanaccio_Kill),https://prod.cloud.rockstargames.com/ugc/gta5mission/4707/3K90mVW63kGEMDvoJiDifA/2_0.jpg,https://socialclub.rockstargames.com/job/gtav/3K90mVW63kGEMDvoJiDifA,https://socialclub.rockstargames.com/member/xyjlugah_banned/jobs?title=gtav&platform=pc,XyJluGaH_banned,"Skill test: zhaba,Ruiner 2000, Asbo, Insane walk on humane,Papel e caneta na mao manu lipao, Level Medium     italian Quality     YouTube Channel     Romanaccio_Kille     enjoy You...","#kosi
#
#nabil
#danirep
#unwin
#zeal
#
lipao
#lasalle
#geeksthegreeks"
{PS4} Lipao MegaRampe 34 {Roma} (Romanaccio_Kill),https://prod.cloud.rockstargames.com/ugc/gta5mission/6393/ueWdKmZM_EGoK_zR_zGwHA/2_0.jpg,https://socialclub.rockstargames.com/job/gtav/ueWdKmZM_EGoK_zR_zGwHA,https://socialclub.rockstargames.com/member/xyjlugah_banned/jobs?title=gtav&platform=pc,XyJluGaH_banned,"Skill test  Old tractor,Sadler,Snow Police, insane mega Ramp  with Tractor,  Level easy    italian Quality    YouTube Channel    Romanaccio_Kille   enjoy YouTube : XyJluGaH (nice4k...","#
#nabil
#danirep
#unwin
#zeal
#geeks
#
lipao
#lasalle
#fiorito"
{PS4} Lipao MegaRampe 39 {Roma} (Romanaccio_Kill),https://prod.cloud.rockstargames.com/ugc/gta5mission/0296/R-ksLd_YKkWehrOcQE5jtg/2_0.jpg,https://socialclub.rockstargames.com/job/gtav/R-ksLd_YKkWehrOcQE5jtg,https://socialclub.rockstargames.com/member/xyjlugah_banned/jobs?title=gtav&platform=pc,XyJluGaH_banned,"Skill test Brioso, You get Rekt,  Lipao ahhhh Mulequeee         level easy    italian Quality     YouTube Channel     Romanaccio_Kille     enjoy YouTube : XyJluGaH (nice4ka), copie...","#kosi
#
#nabil
#danirep
#unwin
#geeks
#
lipao
#lasalle"
{PS4} Lipao MegaRampe 38 {Roma} (Romanaccio_Kill),https://prod.cloud.rockstargames.com/ugc/gta5mission/9039/IVX4n-fwq0alC33id69jYA/2_0.jpg,https://socialclub.rockstargames.com/job/gtav/IVX4n-fwq0alC33id69jYA,https://socialclub.rockstargames.com/member/xyjlugah_banned/jobs?title=gtav&platform=pc,XyJluGaH_banned,"Skill test Dune,Autobus,Flash GT,  Insane Mega Slide with Autobus, ahhhh Mulequeee mano Lipao!!!!  Level easy     italian Quality     YouTube Channel      Romanaccio_Kille     enjo...","#kosi
#
#nabil
#danirep
#unwin
#geeks
#
lipao
#lasalle"
{PS4} Lipao MegaRampe 17 {Roma}(Romanaccio_Kill),https://prod.cloud.rockstargames.com/ugc/gta5mission/9195/CBeYvgZweEWCKH9Fr4DXFg/2_0.jpg,https://socialclub.rockstargames.com/job/gtav/CBeYvgZweEWCKH9Fr4DXFg,https://socialclub.rockstargames.com/member/xyjlugah_banned/jobs?title=gtav&platform=pc,XyJluGaH_banned,"Skill test cheburek with epic final with Deathbike,   Lipao Profisaaaaaaaa, Level easy    italian Quality     YouTube Channel      Romanaccio_Kille     enjoy     NO CONTACT        ...","#kosi
#
#nabil
#danirep
#unwin
#zeal
#geeks
#
lipao
#lasalle"
